Itga4,Itga7,Egfr,Flt1,Mxd1,Cbl,Ksr1,Vangl2,Cblb,Rabif,Tomm34,Cd2ap,Vangl1,Mlx,Tomm40l,Ppp2r1b,Dvl3,Smarce1,Ets2,Smarca4,Dvl1,Axin1,Dvl2,Sh3kbp1,Pdgfrb,Itga5,Ddx6,Nfkb2,Fxr2,Crk,Smarcb1,Trim8,Cdkn1a,Poldip3,Ccnd1,Col4a1,Fam120a,Trap1,Sec61a1,Itgb5,Tomm40,Myc,Pdia4,Igfbp4,Ctnna1,Vat1,Zfp36l1,Slc25a1,Eif3b,Trim28,Ppp2ca,Itgb1,Cyr61,Pdia3,Serpinh1,Fbln2,Eif4b,Psat1,Col1a1,Bgn
0,2,0,0,9,6,2,6,10,6,17,13,1,14,7,14,32,9,2,14,28,17,43,19,8,55,53,32,30,11,18,52,31,28,47,65,52,221,163,113,86,28,44,88,51,74,14,60,38,54,80,146,203,90,172,65,295,130,557,501
0,0,0,0,10,11,7,24,7,8,32,15,5,20,7,15,40,11,8,4,24,6,43,20,17,49,25,7,50,21,14,6,27,17,145,44,44,102,88,162,285,184,90,96,48,62,20,37,24,64,71,145,134,37,129,72,117,120,185,291
0,2,0,1,3,3,3,4,2,1,5,7,2,2,7,7,19,8,4,4,12,3,17,9,13,36,51,6,22,14,5,5,17,33,114,123,39,53,62,103,360,103,80,157,88,26,5,3,4,31,56,65,105,42,38,76,80,45,257,169
0,1,0,0,12,9,2,23,4,7,25,13,5,18,8,15,30,14,3,7,28,9,38,19,11,55,95,22,51,17,16,2,32,42,21,57,62,150,97,183,469,231,27,55,24,62,23,27,35,52,64,135,111,265,107,97,116,94,384,444
0,2,0,0,15,18,1,13,5,9,18,11,10,15,7,21,38,18,10,8,24,15,47,9,11,61,79,27,64,19,21,4,35,61,26,50,56,159,76,101,354,382,92,127,51,49,10,22,41,72,88,181,159,78,200,104,184,215,288,346
0,2,0,1,12,6,5,18,3,13,25,11,3,11,8,13,22,22,1,4,20,12,43,4,19,56,35,12,50,17,12,92,13,56,85,51,41,161,1,34,128,163,9,11,15,120,35,10,49,84,57,213,192,156,238,77,79,152,263,246
0,1,0,1,11,9,6,18,9,7,21,30,7,15,25,19,31,18,8,10,27,11,49,22,18,69,59,74,53,9,21,20,57,50,46,169,144,179,251,89,279,277,47,66,44,174,48,49,45,86,77,103,191,89,99,217,39,176,291,123
0,2,0,0,9,11,6,10,0,6,21,10,8,9,6,4,20,10,7,4,18,10,55,7,22,36,35,17,36,15,18,4,12,53,16,69,56,114,218,97,399,112,36,62,71,23,29,7,42,61,71,92,117,6,76,112,52,239,189,270
1,2,0,0,11,25,2,15,0,3,11,8,7,12,26,5,21,28,11,4,13,11,54,7,4,38,34,18,43,28,22,60,12,33,30,148,93,118,196,150,202,68,39,42,59,59,24,8,28,56,40,95,118,12,105,114,51,212,198,62
0,4,0,1,16,6,5,15,11,10,25,14,7,11,8,18,30,14,8,14,19,22,64,22,9,44,43,20,36,25,15,16,33,38,291,83,74,238,161,25,98,91,19,71,53,52,35,23,25,74,87,196,183,36,95,109,155,225,323,277
0,5,1,0,22,18,1,11,5,5,29,12,7,14,9,31,54,12,4,14,32,23,95,14,7,52,30,19,46,34,31,20,37,38,61,14,207,199,151,12,34,61,40,75,71,154,69,10,66,115,119,175,149,224,126,169,96,224,306,242
0,4,0,1,12,5,2,7,3,1,13,13,4,16,4,19,20,8,7,2,20,6,25,6,8,36,95,10,37,13,6,21,27,37,112,58,48,215,148,15,51,24,45,26,33,34,4,25,18,65,59,113,100,45,104,101,64,213,309,210
0,1,0,0,7,7,7,9,5,8,16,8,9,11,7,12,31,11,8,8,12,25,25,7,9,50,31,16,42,13,22,64,13,14,13,30,69,206,130,17,63,65,10,31,52,43,33,23,27,61,71,113,148,19,120,78,80,133,310,180
0,7,0,1,11,7,4,19,11,10,23,19,6,24,6,8,30,15,12,8,21,10,22,13,19,38,31,7,28,13,21,13,26,15,62,42,52,121,141,19,66,83,21,37,76,50,21,38,24,95,90,142,86,6,87,114,101,240,291,230
0,3,0,11,16,27,2,11,4,11,31,14,6,20,8,16,48,16,1,8,26,18,79,14,12,87,23,17,76,26,24,63,43,36,53,109,74,356,191,44,92,92,13,23,37,86,51,22,55,112,114,183,167,188,170,89,85,285,199,312
0,6,1,0,11,5,5,12,7,12,21,11,9,18,9,15,31,8,4,5,22,14,50,11,18,51,39,23,41,9,12,18,16,24,44,32,90,209,165,66,261,140,37,105,120,75,9,8,56,52,38,158,89,28,112,67,52,263,198,150
0,5,1,3,24,17,14,19,1,17,24,9,15,14,18,34,55,20,15,5,33,36,69,10,24,55,131,25,54,33,47,10,39,24,21,41,183,300,220,63,94,89,2,3,22,136,10,20,113,107,105,206,148,69,127,161,69,339,353,166
0,2,0,0,8,11,11,8,3,13,14,16,3,11,6,13,42,21,5,8,33,15,43,16,14,47,98,60,50,21,15,8,45,60,119,42,43,132,57,19,44,77,3,5,29,56,16,76,49,56,63,128,182,104,164,120,161,139,370,334
0,0,0,0,14,15,3,22,2,9,30,8,8,20,10,11,31,16,8,13,25,13,75,22,8,61,113,19,41,22,11,5,45,30,13,44,10,195,38,6,9,28,3,20,26,69,23,20,18,90,84,150,187,38,113,114,213,115,371,426
0,1,0,0,16,28,4,15,13,19,37,19,5,28,21,23,59,25,9,22,41,28,68,26,21,64,45,29,55,29,34,16,40,54,25,124,36,271,94,9,44,53,15,57,26,56,61,37,61,96,101,183,266,161,223,143,203,281,275,567
1,0,0,0,8,6,1,6,1,5,14,1,13,15,7,5,13,10,3,6,14,10,31,7,13,26,32,11,34,7,19,5,15,22,127,18,56,92,139,12,42,38,11,17,28,30,16,2,40,44,50,101,50,90,94,108,39,176,180,61
1,0,1,1,15,6,5,12,1,5,37,4,15,24,9,19,44,11,5,12,23,27,51,9,11,55,10,12,39,14,44,8,10,59,162,83,157,192,157,33,89,112,7,29,11,71,18,6,82,86,55,154,105,146,125,191,26,290,283,89
0,3,1,5,14,2,4,24,2,6,25,13,11,13,11,21,43,18,20,10,38,24,69,18,17,65,151,29,74,19,26,24,45,36,14,47,96,224,84,20,92,44,2,2,36,264,28,12,66,80,47,214,119,150,159,129,60,339,349,178
0,7,1,1,18,8,9,16,8,22,25,25,30,23,15,29,62,6,6,16,43,24,45,13,23,77,71,29,69,14,37,26,37,54,84,53,53,162,50,4,14,39,6,17,43,86,35,39,39,115,108,147,178,32,172,182,166,393,513,313
0,1,0,0,9,13,8,11,7,8,20,7,4,13,12,18,37,18,6,8,28,14,25,18,15,42,41,14,42,24,10,20,17,3,11,33,23,71,27,4,47,31,,,,87,15,5,40,67,82,68,109,41,84,92,49,154,280,136
0,2,2,0,19,18,5,25,10,8,31,18,19,31,15,36,53,28,7,3,52,24,35,18,18,69,46,24,59,27,34,5,48,23,32,57,47,123,35,17,112,40,,,,89,34,25,65,109,153,130,137,33,131,130,140,384,315,318
0,7,2,1,14,22,8,24,5,8,28,26,5,22,18,19,46,29,6,10,37,16,112,22,27,81,89,33,76,21,35,63,32,37,120,106,8,201,33,18,56,43,,,,103,65,25,24,91,67,179,238,76,215,131,240,146,1004,879
0,3,1,2,9,4,7,11,1,11,15,3,12,18,10,13,33,10,14,3,20,25,39,13,30,54,26,12,46,6,30,3,4,40,58,51,67,150,39,9,66,18,,,,75,14,12,58,80,33,120,68,19,155,124,25,223,312,167
0,1,1,6,14,27,4,18,2,5,42,13,3,16,10,19,54,10,8,10,32,13,135,20,8,62,66,8,36,29,22,54,46,40,38,72,25,58,22,15,19,73,,,,56,64,41,26,84,124,177,260,338,94,172,108,235,414,235
0,0,0,0,8,9,0,15,1,6,10,5,4,9,2,7,17,6,6,5,12,8,17,9,6,26,7,12,17,8,11,9,16,46,112,44,25,43,8,19,79,56,,,,43,22,7,25,29,41,85,65,0,72,59,66,100,86,60
0,5,0,2,8,17,4,22,5,7,16,9,9,21,10,7,30,15,11,9,24,13,49,27,17,38,27,25,36,16,17,11,34,37,28,23,27,94,16,4,21,32,,,,83,28,18,37,70,71,151,185,17,143,120,166,153,317,425
0,1,3,2,20,12,8,19,9,8,21,13,9,27,6,16,42,16,5,11,26,10,41,16,18,54,39,11,61,19,17,7,17,47,79,103,23,67,19,42,31,8,,,,124,36,26,36,65,77,101,146,63,75,81,136,140,270,117
0,3,0,1,8,15,3,7,0,5,17,4,7,17,4,8,17,14,4,6,17,7,22,6,29,44,72,6,47,9,11,6,16,58,108,129,24,57,16,2,25,51,,,,40,11,13,40,56,44,101,52,69,111,58,23,91,203,151
1,3,0,3,9,7,8,18,5,13,14,11,7,14,2,17,24,3,10,8,17,11,30,6,10,36,55,28,29,15,20,5,11,36,64,55,37,64,24,10,38,29,,,,72,6,13,48,49,35,96,71,2,89,97,22,213,230,56
0,2,1,2,12,2,5,20,0,14,15,8,6,14,11,27,39,9,4,5,18,15,52,8,12,63,52,18,42,13,12,8,17,62,184,103,49,157,31,28,45,71,,,,102,19,5,54,90,57,150,111,56,124,73,52,194,377,138
1,1,2,2,6,1,5,8,2,9,7,11,2,9,3,13,27,4,3,8,11,11,17,4,8,45,23,11,35,5,8,2,13,34,87,52,37,41,26,5,30,33,,,,104,11,9,43,53,39,64,33,1,72,81,9,221,122,11
0,1,1,1,11,12,8,11,9,11,20,14,4,18,9,19,46,13,8,11,31,13,38,22,11,42,64,34,44,21,15,7,24,22,37,38,48,74,17,31,36,46,,,,91,17,11,58,71,84,107,102,4,62,144,81,254,314,79
0,3,0,2,14,16,6,20,5,5,25,4,4,15,16,9,19,11,3,6,24,4,32,19,26,57,66,4,40,26,21,0,29,31,33,23,40,127,24,4,58,53,,,,34,9,18,15,83,72,151,117,120,137,92,129,54,431,415
0,1,0,3,21,27,6,15,4,8,35,14,10,25,25,17,54,41,3,11,49,24,135,29,8,55,123,7,57,28,25,7,10,52,144,89,62,156,33,6,26,16,,,,72,43,19,43,107,115,270,248,560,198,183,140,187,548,570
0,3,1,1,8,1,9,10,5,13,9,13,10,14,1,17,18,4,2,3,15,15,17,4,7,31,14,39,29,11,7,16,18,32,96,57,37,43,11,1,45,34,,,,76,15,10,36,40,43,62,56,40,58,57,25,185,134,18
0,3,1,1,13,5,7,24,1,19,35,12,14,17,9,32,59,15,16,29,31,29,89,18,22,62,63,77,69,22,23,127,44,30,31,23,107,91,16,8,64,39,,,,158,37,26,121,90,76,213,238,201,225,95,104,303,467,238
0,0,0,0,5,1,1,12,0,2,13,3,1,3,10,5,12,12,4,4,13,7,27,10,2,18,3,8,17,9,3,92,21,39,142,108,19,27,12,3,84,14,,,,40,22,22,17,37,19,56,76,58,36,18,31,82,96,47
0,4,0,0,9,10,1,9,1,4,21,4,14,19,8,11,29,4,8,10,16,19,19,9,11,24,42,21,34,16,14,31,21,38,224,50,21,49,13,6,42,38,,,,42,9,12,24,49,54,85,53,48,34,88,58,197,282,106
0,5,1,8,15,21,11,22,4,11,24,13,6,19,10,14,46,25,5,15,39,14,51,14,25,67,161,15,49,21,10,2,32,26,106,49,43,105,37,7,85,54,,,,70,32,14,34,86,147,152,177,32,112,85,95,180,415,346
0,5,0,1,10,26,4,20,8,6,17,13,8,15,9,21,42,17,4,10,25,10,39,10,10,80,71,14,70,13,16,1,29,42,84,12,48,65,14,21,45,23,,,,60,13,10,42,69,103,100,135,159,149,115,76,145,293,250
0,3,0,1,14,9,8,10,13,11,19,22,9,10,13,19,38,17,8,2,29,16,46,15,26,79,39,17,53,15,17,0,28,43,13,89,42,82,22,13,32,38,,,,53,4,8,28,63,74,103,127,9,155,154,86,326,381,363
0,3,0,0,11,42,1,17,3,8,41,10,9,23,3,17,38,19,12,22,26,21,104,13,12,51,69,22,73,25,24,28,24,39,33,51,76,136,14,12,27,28,,,,105,62,8,50,100,68,166,218,282,228,171,49,279,395,407
1,3,0,2,6,5,6,12,3,8,14,16,8,9,4,16,31,7,6,6,15,17,28,11,6,68,52,12,56,11,16,5,13,76,55,169,53,48,18,20,27,15,,,,69,8,6,59,53,45,87,77,32,121,67,26,130,204,92
0,0,0,5,11,37,5,20,3,5,41,12,5,15,15,18,53,31,4,15,32,19,103,20,23,90,59,7,64,27,21,50,47,15,54,66,54,80,22,1,33,24,,,,101,68,12,46,88,112,146,156,234,94,105,85,172,307,278
2,4,0,2,24,21,8,30,13,15,50,15,10,29,17,23,53,39,12,16,39,21,84,28,11,79,115,17,84,32,30,38,36,19,262,38,86,166,43,1,77,30,,,,109,102,48,73,117,123,247,276,83,275,151,101,411,257,525
0,6,1,1,12,17,0,34,11,9,40,15,3,19,10,21,42,16,6,14,27,19,52,23,8,60,38,11,67,22,20,15,31,43,82,51,56,154,19,5,39,76,,,,90,64,15,59,83,82,162,237,93,156,106,159,197,232,418
1,6,0,15,26,50,8,28,9,16,34,17,13,33,23,34,67,28,12,28,60,36,157,35,6,99,272,44,110,47,26,36,50,24,30,50,75,156,30,6,52,46,,,,128,38,35,79,163,169,270,280,393,239,151,141,192,600,453
0,2,0,2,13,10,4,17,9,4,16,15,2,14,9,14,34,15,7,6,33,14,31,16,48,70,54,15,41,16,15,1,26,43,147,11,34,81,15,5,58,27,,,,28,17,4,20,58,82,133,187,88,110,103,118,96,348,418
0,1,0,1,12,6,2,12,6,3,12,10,3,7,7,7,18,4,2,4,21,8,25,4,6,57,27,4,48,13,6,4,18,39,81,103,28,52,9,4,44,23,,,,35,6,11,23,47,68,123,109,32,90,52,71,79,120,117
0,0,0,3,12,14,3,19,5,8,20,16,4,17,17,18,28,19,10,4,18,13,59,15,7,64,28,19,55,16,19,2,36,22,43,26,42,70,11,4,30,43,,,,60,5,21,31,51,73,148,104,105,107,105,75,131,137,144
0,3,0,6,19,8,18,22,8,25,34,15,10,22,14,21,48,19,6,18,33,25,100,18,50,65,94,26,71,34,37,5,40,28,41,83,73,175,23,10,82,24,,,,229,82,32,66,90,89,273,314,150,247,94,210,319,326,340
0,2,1,3,13,25,3,14,2,6,25,5,2,22,9,10,36,16,8,8,22,18,46,10,11,42,92,16,40,17,20,20,30,33,54,94,40,94,21,2,52,30,,,,94,21,20,47,70,56,129,151,53,98,99,80,142,285,192
0,2,1,1,6,6,8,0,0,10,15,6,2,8,9,6,13,9,10,1,10,14,22,8,2,13,9,6,14,8,23,13,5,30,65,21,36,26,10,34,68,109,,,,81,14,6,33,33,23,89,35,128,106,66,22,133,131,22
1,2,0,1,23,37,3,22,5,6,34,17,8,31,11,19,58,20,10,18,54,10,92,24,17,112,75,23,85,34,20,119,53,31,49,73,67,197,50,16,40,51,,,,89,45,36,55,135,124,256,265,32,182,126,178,220,379,519
0,14,0,20,17,29,8,19,4,10,16,17,5,15,20,14,28,25,8,24,27,17,73,22,41,60,182,17,66,32,16,15,47,37,64,66,44,171,20,26,63,36,,,,74,49,47,42,79,124,206,298,202,172,77,209,144,547,524
0,1,3,0,14,10,3,19,2,9,26,10,5,22,19,15,29,25,10,16,26,11,52,10,23,68,75,38,57,14,19,16,19,24,82,25,48,128,18,19,25,12,,,,76,30,49,47,68,75,128,233,78,236,67,193,88,431,431
0,8,3,0,11,7,6,23,1,6,24,10,4,15,10,13,25,11,8,3,15,11,23,13,20,64,37,35,57,5,26,16,11,9,100,42,61,87,11,5,37,22,,,,174,26,38,43,50,25,103,167,27,158,80,91,77,482,156
0,1,0,0,8,9,3,10,9,7,16,18,6,17,14,15,30,18,13,18,26,10,46,13,4,34,24,31,34,16,22,103,18,22,44,138,50,56,17,5,42,48,,,,45,30,13,42,95,97,114,87,27,77,126,68,322,128,74
1,3,0,0,9,7,3,14,5,7,12,12,7,14,12,20,33,11,14,8,14,12,29,13,13,58,107,12,66,14,15,22,25,53,51,119,40,66,12,14,40,30,,,,56,4,18,49,74,51,132,103,38,104,113,54,188,269,118
1,4,1,0,17,32,8,7,3,13,25,24,9,27,19,36,54,28,9,4,42,23,74,16,35,71,69,63,98,25,41,15,37,36,20,77,90,69,34,4,35,20,,,,125,25,25,97,135,92,189,127,68,177,227,67,478,333,191
0,4,0,3,13,15,7,28,7,3,31,13,4,22,8,22,42,13,4,7,30,16,36,13,33,51,50,19,65,23,23,11,38,28,46,17,55,79,11,16,52,36,,,,73,21,49,50,68,84,184,127,31,128,106,125,219,267,289
0,5,0,9,26,34,5,64,13,6,55,18,15,23,25,14,59,23,5,18,36,13,101,24,39,68,435,33,66,43,20,22,43,23,50,21,42,228,20,23,49,48,,,,88,29,8,31,105,115,392,233,554,222,121,382,100,431,560
0,3,0,0,18,21,3,18,9,5,41,16,4,23,6,29,38,17,17,12,35,26,95,20,2,68,62,10,75,24,38,33,26,25,62,64,71,81,32,27,29,42,,,,149,52,11,65,89,100,191,143,202,116,174,96,309,287,274
0,1,0,2,8,4,2,22,3,9,15,4,5,12,2,10,23,10,8,2,16,11,26,12,29,50,33,3,30,18,13,16,20,48,107,41,34,61,20,15,52,31,,,,31,6,15,15,53,43,171,66,18,50,76,64,110,152,108
0,3,0,2,13,34,3,22,4,10,19,10,5,15,14,21,37,25,5,8,31,20,88,23,40,81,141,12,80,15,30,44,18,25,30,85,47,135,13,4,18,24,,,,234,45,23,51,92,72,143,165,116,198,101,60,71,322,380
0,4,0,0,17,22,4,11,8,5,21,19,13,17,13,14,37,15,3,10,39,6,67,21,31,47,107,13,49,26,26,30,34,41,61,130,48,132,17,10,36,60,,,,65,46,18,34,96,104,132,162,78,141,118,110,283,215,316
0,1,0,0,7,9,4,15,2,7,24,9,4,20,5,7,26,9,3,7,19,13,28,11,12,40,42,11,36,15,6,8,19,27,53,57,37,85,4,16,79,21,,,,50,18,19,25,52,56,91,108,212,107,52,113,78,254,255
2,3,1,1,9,18,7,23,6,12,30,11,14,19,13,8,36,13,7,12,28,15,48,28,24,73,48,26,62,24,17,18,42,19,96,63,50,113,28,8,58,27,,,,68,53,42,38,88,103,140,119,33,105,140,68,259,223,193
0,4,1,0,25,33,0,21,10,12,32,24,10,31,11,24,44,24,8,20,41,24,55,18,14,55,34,42,59,36,23,49,59,23,44,33,70,131,13,4,34,71,,,,80,94,17,50,105,106,207,167,150,177,178,99,323,262,291
2,4,1,4,13,3,5,8,2,9,11,8,7,9,6,17,28,10,15,10,12,14,22,7,18,52,41,17,40,11,16,28,23,16,26,44,52,47,8,4,23,17,,,,136,15,15,28,70,29,84,60,74,83,93,28,103,256,59
1,1,2,7,14,13,7,17,5,10,27,12,10,28,10,21,36,19,20,12,24,27,51,24,17,69,18,29,75,19,28,52,37,47,33,155,52,89,28,5,40,30,,,,135,74,23,42,91,110,184,122,63,116,112,82,253,240,197
0,2,0,3,11,20,5,12,4,8,10,17,5,14,12,11,32,14,6,7,19,12,56,11,9,61,131,18,54,6,24,25,24,25,28,33,41,62,12,16,53,36,,,,71,30,13,45,66,42,129,149,234,141,106,66,87,391,297
0,4,1,1,8,5,2,7,7,2,6,10,4,13,4,16,18,9,13,8,15,11,23,12,18,48,50,16,42,4,14,49,13,14,26,45,34,48,16,1,53,22,,,,147,7,66,22,51,34,109,101,16,91,77,50,85,308,127
0,0,0,0,15,2,3,20,9,3,15,14,1,8,12,9,31,9,6,8,21,9,35,18,5,39,32,6,14,24,9,9,20,21,101,94,20,97,14,1,35,31,,,,48,36,14,4,51,47,132,122,46,31,74,105,80,161,137
1,5,1,2,15,13,6,20,12,9,15,21,1,13,17,16,44,11,4,7,31,20,67,24,15,64,65,20,45,29,20,4,37,15,171,37,47,111,23,17,68,43,,,,130,57,6,45,71,81,118,174,66,96,88,194,184,380,153
0,1,1,8,10,40,7,15,8,14,33,12,4,33,16,19,47,10,8,20,43,28,79,22,13,69,24,60,85,36,31,12,28,17,215,43,83,128,21,6,73,56,,,,107,132,46,76,111,121,207,171,97,135,140,118,298,162,389
1,1,0,1,12,8,4,15,3,11,24,14,7,19,8,25,41,13,7,6,25,9,40,13,23,50,38,20,54,20,19,9,23,21,167,42,50,70,17,15,25,52,,,,23,44,37,54,67,73,93,74,15,118,115,67,180,273,237
0,1,0,5,16,27,1,7,2,2,15,15,6,7,3,23,36,7,23,9,11,14,40,4,13,37,66,7,41,14,11,30,22,24,66,38,51,40,13,12,20,36,,,,72,81,21,37,92,52,126,76,63,111,102,41,150,198,136
0,0,0,1,9,16,0,14,1,2,14,17,0,10,4,11,29,8,7,6,17,13,44,9,6,50,62,4,45,10,9,10,28,25,60,78,29,50,19,5,31,45,,,,33,38,10,13,70,57,127,121,88,77,106,54,94,235,132
0,2,0,1,9,11,1,14,6,12,18,13,12,16,14,17,32,10,8,6,32,10,64,9,12,48,79,16,46,15,24,11,29,26,70,37,43,69,18,10,30,29,,,,37,57,27,28,83,63,191,92,103,111,56,79,271,178,129
0,2,0,5,11,3,4,20,2,8,23,9,4,16,9,17,30,16,4,6,18,18,37,17,13,49,114,17,33,18,28,12,31,32,50,55,43,99,8,24,81,64,,,,124,73,6,50,57,39,146,116,41,142,98,62,200,262,198
0,0,0,1,6,13,4,6,2,6,19,13,5,16,10,13,38,12,8,3,22,15,33,13,6,35,45,7,30,25,17,25,18,37,91,76,42,44,22,9,64,13,,,,73,54,10,14,54,55,89,89,74,63,87,50,207,169,66
1,2,0,1,17,13,6,11,2,12,25,23,12,27,13,24,68,25,13,11,39,19,30,30,21,74,41,20,68,22,21,7,30,26,114,45,70,49,57,1,64,39,,,,82,53,45,56,138,198,141,102,58,131,175,91,336,535,542
2,2,0,0,15,9,6,9,5,9,15,22,3,17,19,17,32,16,5,12,30,13,29,16,14,56,68,11,50,11,21,11,21,26,12,49,32,64,22,11,59,95,,,,78,36,28,23,71,81,130,137,35,102,110,83,204,339,179
1,5,0,0,13,19,0,5,2,2,10,13,9,19,13,10,37,9,9,8,26,14,50,12,18,91,36,21,91,15,20,74,47,32,16,51,30,100,17,4,25,26,,,,18,41,177,41,111,69,121,176,236,226,86,171,197,417,464
0,5,0,0,11,7,0,5,4,4,6,14,3,15,8,10,30,5,5,6,15,10,27,11,10,61,28,10,63,13,23,76,27,23,14,26,26,72,11,7,32,27,,,,17,22,92,43,58,57,74,116,100,149,73,90,153,218,282
2,2,0,0,10,5,6,10,1,13,10,6,5,19,9,15,19,7,6,8,13,14,19,9,13,46,27,10,44,14,12,5,9,25,8,159,29,41,8,8,62,53,,,,73,21,16,35,44,34,66,58,15,75,45,38,168,142,77
0,1,1,2,19,26,4,8,4,11,17,13,26,16,21,31,52,9,1,12,44,19,62,20,20,99,40,35,72,29,33,9,19,43,78,95,65,69,25,14,34,54,,,,248,34,6,55,115,144,107,152,7,88,162,87,352,374,131
0,3,0,0,16,5,3,7,2,4,12,7,8,12,6,8,37,9,12,3,33,15,15,8,32,55,36,15,30,15,17,0,15,33,208,102,38,80,16,9,53,30,,,,38,6,35,22,64,85,157,80,86,95,66,171,138,340,230
0,1,0,1,9,3,3,1,3,4,9,11,4,5,3,11,14,10,7,3,5,11,10,5,8,22,36,4,16,9,6,17,23,26,73,67,18,28,9,1,63,32,,,,10,5,25,10,43,45,72,50,20,49,58,38,91,163,131
0,3,0,0,13,13,2,15,3,7,17,16,3,17,17,12,19,12,3,6,18,11,56,17,14,66,49,52,53,12,20,101,34,30,64,24,49,63,24,0,20,34,,,,69,38,51,30,43,59,81,160,120,159,83,213,105,458,431
0,0,0,3,14,6,5,11,4,9,12,15,4,18,12,12,37,14,2,15,33,12,56,17,30,66,42,32,32,17,14,12,36,26,61,36,43,98,22,23,87,43,,,,38,20,31,15,64,107,123,194,71,152,107,286,77,555,603
0,2,1,1,39,14,2,28,6,6,24,12,1,24,12,23,55,17,8,8,33,14,65,21,7,93,237,6,103,35,11,101,30,21,72,46,33,185,17,16,81,98,,,,52,12,42,23,136,114,286,158,490,195,98,332,54,423,503
0,2,2,1,34,17,3,21,5,5,19,20,5,22,10,23,35,9,9,10,27,14,58,15,3,83,189,8,121,25,13,96,25,38,60,221,28,159,18,4,83,30,,,,47,16,39,31,139,93,274,148,493,167,64,306,41,404,505
1,4,0,0,17,8,3,21,3,9,18,6,6,13,12,15,24,9,7,8,22,20,36,14,25,47,42,42,51,13,21,20,16,21,15,11,49,92,10,11,49,37,,,,54,10,28,65,52,40,195,107,54,136,59,120,171,308,145
0,3,0,3,17,19,5,23,2,8,29,16,6,25,9,11,44,11,12,16,26,17,67,19,15,62,45,14,58,21,28,38,42,33,38,104,58,132,28,13,85,49,,,,82,60,28,36,94,115,199,176,119,136,150,140,311,198,330
0,4,0,3,12,10,9,18,3,9,19,9,17,11,6,14,32,11,20,7,22,10,27,11,9,50,27,11,59,11,10,37,25,57,277,43,42,66,11,32,5,19,,,,93,7,43,23,72,52,149,122,20,128,103,78,153,314,242
3,4,0,1,15,8,6,12,7,11,23,11,6,26,12,23,27,15,6,14,24,16,45,16,35,60,99,22,66,22,16,16,21,25,55,49,48,102,17,24,33,24,,,,78,31,14,39,68,54,172,133,49,171,105,116,175,301,272
3,11,2,2,8,26,4,12,4,7,30,22,4,32,7,22,56,14,10,17,20,19,98,23,9,77,158,38,73,28,25,14,29,21,29,55,68,71,24,20,75,25,,,,144,24,8,51,77,99,111,73,101,102,121,93,194,268,219
0,1,0,0,4,1,3,13,2,4,10,4,10,12,3,12,12,8,9,7,6,9,38,12,26,28,96,10,34,7,16,93,21,26,138,60,30,83,7,21,48,47,,,,49,10,15,23,48,43,153,121,12,146,51,70,91,282,306
3,1,1,0,6,14,0,17,1,1,16,7,1,9,3,16,23,3,6,10,17,13,27,6,6,52,13,8,38,14,14,13,22,59,142,82,48,43,12,2,27,26,,,,66,10,0,44,52,31,82,59,67,41,78,33,160,120,18
2,2,2,0,9,17,0,23,0,5,18,5,6,11,13,20,31,12,7,19,22,17,30,10,5,58,15,26,39,13,26,19,16,34,40,32,70,34,13,5,31,29,,,,85,14,2,81,49,46,70,54,8,54,102,29,232,99,11
1,0,2,0,8,4,1,5,0,4,9,6,7,6,9,11,19,3,5,8,14,10,33,7,10,32,34,10,31,12,11,6,10,25,76,78,36,36,8,9,65,32,,,,85,2,5,30,46,32,96,67,18,69,59,26,132,143,42
0,2,0,0,11,11,4,28,5,12,18,23,4,18,16,22,34,16,8,15,28,15,55,15,12,46,41,30,39,21,14,94,32,39,57,31,57,80,19,11,28,44,,,,71,30,12,27,79,97,135,108,116,101,87,96,238,375,147
0,4,1,5,14,14,8,28,3,11,20,16,5,11,13,10,28,14,5,12,35,13,50,22,15,60,176,37,53,21,6,74,28,66,185,93,40,78,22,10,109,51,,,,89,16,16,18,57,74,176,123,174,97,82,128,183,338,310
0,6,1,1,29,31,6,17,6,12,41,10,5,26,14,24,48,31,1,16,47,24,80,23,13,83,89,28,68,39,25,10,54,51,83,172,60,154,26,3,28,26,,,,105,39,56,49,108,132,224,234,377,184,113,226,182,270,619
0,2,0,7,14,22,2,19,11,11,35,20,4,23,5,18,44,15,2,11,35,20,78,24,12,63,35,32,79,22,24,16,24,22,11,51,53,156,30,20,32,31,,,,67,38,21,54,99,113,256,258,102,224,65,185,285,263,537
0,1,0,3,8,12,1,9,0,2,14,12,8,13,9,23,43,6,4,9,12,16,49,11,3,51,38,14,47,18,15,19,22,30,203,61,50,91,17,2,42,49,,,,57,8,14,24,94,75,188,106,92,118,96,95,243,239,184
0,1,0,2,15,21,1,11,2,4,23,9,2,23,11,22,38,11,10,8,28,16,35,6,4,63,70,14,70,21,15,12,43,24,222,39,49,111,17,3,12,19,,,,44,6,17,42,90,88,195,148,108,121,111,124,190,229,260
1,0,2,0,13,9,4,30,4,9,19,10,9,12,8,18,35,15,12,10,20,15,54,10,24,46,108,12,56,12,9,13,15,25,250,11,47,82,8,28,78,26,,,,108,9,8,27,60,35,136,124,70,152,66,98,116,246,298
3,2,1,2,14,32,8,21,0,10,32,19,7,22,10,13,63,20,12,14,50,19,92,29,13,66,142,41,56,40,28,46,55,28,219,4,79,102,44,9,24,31,,,,118,72,25,64,91,103,226,157,473,175,165,101,465,502,235
0,1,0,0,5,6,0,4,2,3,9,6,7,8,9,11,20,5,2,8,18,19,23,11,14,35,17,13,32,10,14,17,11,24,42,9,19,18,13,14,56,47,,,,23,18,12,22,39,30,59,71,36,55,73,21,64,87,81
3,1,0,2,14,15,4,20,7,13,23,13,10,23,12,19,33,12,8,13,29,13,55,14,9,44,18,10,42,23,23,98,15,23,64,39,44,80,23,16,12,13,,,,76,48,22,35,97,73,135,161,28,129,94,60,228,158,235
0,0,0,4,17,34,4,40,4,7,25,25,4,19,12,20,45,31,9,18,32,11,69,31,14,79,238,22,76,41,25,13,28,34,36,60,61,184,37,7,41,53,,,,114,70,8,36,116,138,201,270,466,224,113,160,164,620,462
0,5,1,2,9,15,5,18,1,13,17,4,5,14,7,10,16,6,10,10,20,8,35,12,9,48,63,14,43,11,15,18,18,16,19,62,17,89,11,11,33,20,,,,59,36,8,21,41,56,128,143,81,93,58,106,146,283,172
2,3,0,2,13,12,4,21,4,11,20,6,7,11,10,10,24,9,2,5,23,12,27,12,28,36,59,11,42,16,18,21,10,25,56,68,49,105,7,7,23,25,,,,66,38,8,26,48,51,116,145,46,132,106,79,196,270,111
1,4,1,11,24,23,3,29,7,15,37,18,2,36,7,22,43,19,11,12,48,24,52,16,3,76,128,17,88,36,21,15,36,44,77,32,55,167,22,18,16,16,,,,70,23,42,58,91,95,305,252,254,231,101,243,229,331,532
1,5,1,2,14,45,6,12,4,6,26,19,8,22,20,28,47,25,7,11,27,14,121,20,33,57,95,15,65,26,21,15,33,38,137,80,59,102,29,2,31,20,,,,128,42,30,54,116,100,171,167,165,199,146,69,228,322,257
0,0,0,2,11,8,4,15,3,8,17,16,1,19,6,18,37,11,6,7,25,15,39,11,4,65,53,31,57,18,16,2,28,21,57,36,54,80,10,8,21,6,,,,93,15,10,31,71,72,128,83,73,98,93,65,156,183,156
0,0,0,7,18,4,1,20,5,7,30,9,4,16,6,16,27,13,12,12,15,13,49,16,12,47,51,12,16,19,16,14,15,27,137,18,38,102,13,4,68,27,,,,57,18,6,9,55,53,191,111,309,86,64,93,215,150,268
0,0,1,1,9,29,5,24,1,9,25,12,6,12,24,17,40,29,5,12,31,15,64,21,23,50,87,9,47,23,25,68,11,22,54,95,41,42,17,26,42,30,,,,179,60,8,31,88,70,90,103,83,92,87,34,72,236,237
5,7,4,14,22,24,8,30,7,16,38,15,14,30,15,30,56,13,6,19,34,22,73,25,27,73,196,17,79,46,38,43,27,22,36,31,78,198,25,6,38,16,,,,177,34,9,70,116,126,234,281,343,313,111,69,290,429,333
2,5,0,3,13,24,7,22,8,7,34,28,6,26,16,34,62,20,9,18,41,24,46,19,10,86,130,27,76,33,41,112,41,42,70,21,75,110,32,36,59,58,,,,82,26,31,61,102,147,199,144,101,112,146,94,318,423,282
0,0,1,0,10,14,1,2,3,2,14,11,3,8,4,12,35,9,8,8,15,12,33,13,8,40,28,14,28,12,17,16,19,19,90,20,35,20,11,0,18,30,,,,28,5,28,17,47,37,48,55,159,26,97,25,122,88,37
0,1,1,10,17,18,5,6,1,8,20,7,5,11,16,15,44,20,7,8,35,12,91,15,4,81,109,18,57,12,20,80,21,42,95,38,56,118,17,4,12,13,,,,53,26,34,29,78,74,146,189,79,181,134,98,169,270,400
0,4,0,9,12,16,5,16,2,7,22,6,4,16,10,12,45,16,7,13,28,15,49,12,5,54,206,10,69,18,25,1,34,20,65,21,56,148,20,1,59,50,,,,48,19,13,36,74,85,255,251,284,299,77,166,187,514,694
0,5,1,6,12,12,10,8,12,10,42,23,9,27,6,13,37,21,4,8,29,15,50,30,22,104,76,14,54,18,15,72,16,32,28,89,28,110,16,13,22,63,,,,71,16,4,15,85,74,116,224,30,162,114,178,35,624,537
0,1,2,5,18,6,4,5,5,4,29,13,8,28,11,7,30,23,3,8,28,14,28,16,13,66,44,14,42,16,10,55,13,26,33,54,32,86,15,4,63,52,,,,65,8,3,19,57,65,127,208,42,156,87,209,28,553,522
0,3,0,0,6,17,1,4,1,3,9,4,6,6,3,8,30,9,5,4,19,18,28,9,3,44,38,4,20,6,11,90,13,19,41,41,31,29,15,6,61,31,,,,20,8,10,7,34,77,85,68,259,61,117,60,42,169,66
0,0,0,0,12,8,1,9,0,3,20,8,8,7,11,11,33,8,2,9,24,11,44,11,4,36,67,4,10,17,5,57,32,18,31,31,33,54,13,5,61,46,,,,17,15,15,8,49,73,136,122,142,67,116,98,81,253,58
0,1,0,1,4,9,5,8,1,2,16,19,11,11,16,9,25,10,5,4,18,12,38,20,12,44,38,11,31,12,14,11,23,31,11,47,41,12,16,7,26,23,,,,118,33,3,14,55,48,99,49,12,23,67,26,127,94,29
0,0,0,1,11,1,3,9,5,4,15,9,10,12,11,20,33,10,0,8,19,13,19,12,7,36,38,12,13,12,13,2,20,22,14,15,21,84,21,18,57,40,,,,12,9,9,8,59,50,118,76,26,36,89,84,214,183,114
0,2,1,1,16,13,6,22,4,8,35,10,5,18,6,21,34,11,6,15,18,22,62,23,10,59,58,14,40,16,20,10,22,29,8,57,65,78,18,5,85,76,,,,64,39,7,33,66,74,146,110,227,113,69,106,157,347,153
1,2,1,0,11,19,1,11,1,1,24,4,7,18,4,13,37,5,7,18,22,25,62,15,5,40,45,9,42,14,31,23,17,31,218,62,60,89,16,5,48,38,,,,170,22,6,59,59,51,184,138,189,96,90,83,181,229,100
0,0,1,4,18,18,4,19,3,7,27,15,9,16,4,24,41,13,7,15,32,16,63,19,19,68,182,21,52,22,18,4,22,26,17,23,56,135,32,17,87,32,,,,76,28,10,25,77,115,228,178,380,162,114,79,146,453,369
0,1,1,1,10,2,4,15,4,7,9,11,2,7,3,7,24,5,3,7,6,16,27,5,13,24,167,7,21,9,10,23,15,62,94,75,30,62,4,16,64,40,,,,33,9,4,0,42,26,99,71,95,76,47,66,87,293,120
0,6,1,7,11,10,5,17,3,4,25,17,4,27,7,20,32,18,3,12,21,9,36,10,10,59,180,22,62,11,17,1,5,16,40,13,32,126,15,24,35,40,,,,53,6,8,30,62,47,150,172,203,202,94,140,127,546,423
0,1,0,1,16,17,1,21,11,9,33,14,5,27,15,21,42,17,6,16,36,14,68,26,3,76,54,35,48,33,23,45,56,38,37,59,51,117,21,23,29,30,,,,93,44,31,36,87,107,217,173,16,126,77,101,212,184,249
0,2,0,0,12,13,2,15,7,5,24,6,7,19,4,13,21,14,6,10,14,11,22,12,21,28,34,11,29,9,13,3,18,50,88,116,29,100,15,0,47,13,,,,51,21,23,15,53,43,153,154,21,109,66,109,114,167,279
1,2,1,4,10,5,9,19,2,12,17,9,8,10,5,21,26,12,14,5,26,10,33,7,30,51,92,18,38,14,26,4,26,60,119,87,52,59,18,9,12,15,,,,49,11,34,28,52,51,118,88,93,123,112,66,156,264,197
0,0,0,6,15,2,6,12,0,4,8,5,4,9,9,11,27,16,9,9,13,14,14,12,10,36,100,13,15,10,13,22,14,41,103,74,28,69,9,2,33,22,,,,34,3,15,4,55,51,112,132,59,93,53,56,66,238,285
1,6,0,11,10,4,8,17,4,6,14,15,6,15,16,18,39,20,22,23,23,14,32,18,20,65,137,18,59,21,20,22,21,38,48,79,56,109,25,6,84,44,,,,52,5,9,22,96,82,143,169,80,191,120,77,106,312,422
1,3,0,1,4,6,8,8,2,7,4,8,12,10,6,9,36,13,4,14,18,12,27,10,22,56,11,23,36,7,18,42,9,46,190,22,33,15,7,19,46,54,,,,17,7,26,13,71,64,68,59,3,89,87,31,74,337,317
1,0,0,3,8,15,5,27,7,12,28,18,3,27,12,11,50,20,9,13,33,6,49,31,13,64,35,16,44,32,16,8,17,23,41,48,47,94,26,16,33,19,,,,94,37,9,20,98,106,193,163,69,94,100,108,299,172,126
0,3,0,0,8,9,4,9,2,10,12,8,3,10,14,14,28,10,5,6,12,10,42,12,16,46,51,15,23,9,18,3,16,36,65,60,26,44,15,3,48,56,,,,67,20,31,18,47,36,110,109,97,148,70,87,109,265,241
1,2,0,0,5,5,3,21,2,5,16,4,8,13,8,3,20,11,4,5,10,6,43,18,10,40,76,7,38,10,10,6,18,47,23,153,32,48,13,2,85,64,,,,73,18,9,24,43,30,105,86,69,96,55,81,96,223,263
0,4,1,0,11,12,7,33,6,8,21,9,4,14,10,7,19,10,6,6,13,11,20,11,12,37,24,6,32,14,9,2,9,37,26,61,31,45,16,3,45,24,,,,22,2,22,16,47,41,82,45,72,87,105,43,94,250,138
1,1,2,0,3,5,0,9,0,3,13,11,4,3,8,11,23,6,2,1,16,16,34,8,4,46,22,17,34,12,16,4,16,48,133,45,48,33,13,5,35,51,,,,66,12,2,41,40,46,84,54,16,39,85,26,127,109,34
1,2,1,1,4,2,2,15,0,3,14,8,2,11,5,6,13,7,8,2,13,10,21,11,5,28,18,12,18,7,13,1,11,46,61,52,36,20,3,9,76,34,,,,21,4,6,19,38,26,53,27,102,47,52,20,85,147,50
1,1,0,0,8,5,0,14,2,0,22,10,10,17,2,19,28,8,12,8,22,12,34,10,5,40,29,23,30,20,14,9,17,41,53,40,47,30,21,12,114,49,,,,79,19,3,40,56,36,55,50,25,46,107,15,192,115,22
0,9,0,2,6,13,6,41,0,15,12,8,3,14,11,13,37,26,13,9,23,15,60,23,23,47,148,9,38,18,13,22,13,55,25,33,54,107,17,6,77,41,,,,127,29,5,20,70,68,151,138,125,134,71,142,106,540,362
2,2,0,0,5,5,3,18,5,5,15,4,6,2,7,17,16,7,4,4,15,11,26,9,9,23,19,16,19,24,14,3,11,17,25,0,41,20,10,8,38,28,,,,70,25,6,25,51,28,77,52,23,57,92,14,92,150,58
4,1,1,1,18,11,11,20,5,10,39,8,12,26,8,21,24,17,26,8,16,32,41,19,42,76,171,32,62,17,18,123,46,23,11,26,75,128,17,10,4,29,,,,50,17,14,43,82,79,95,225,331,210,124,94,204,150,221
0,1,0,0,4,8,3,8,1,6,10,10,5,9,8,11,18,7,2,2,11,10,24,7,10,23,24,20,26,12,19,2,8,20,47,9,30,37,6,41,3,38,,,,117,3,3,15,56,51,131,85,50,46,54,66,77,79,101
0,1,0,3,8,5,1,22,1,0,5,5,2,9,4,8,24,6,3,11,18,9,22,8,18,53,60,14,21,9,10,82,16,38,44,62,27,19,9,3,29,52,,,,44,15,7,7,51,22,64,56,4,32,70,41,111,208,76
2,2,0,0,14,12,2,31,3,4,20,14,4,20,15,25,41,18,5,12,27,12,58,15,21,68,150,19,43,21,19,8,45,31,68,49,54,115,18,6,13,63,,,,63,20,15,41,91,99,149,174,79,133,146,128,248,324,387
0,3,1,8,15,11,7,18,7,11,20,25,8,16,13,23,42,16,7,18,42,14,52,22,28,65,114,8,52,29,18,63,14,23,68,11,62,127,27,24,113,135,,,,67,15,11,47,107,121,212,170,126,139,119,163,194,419,305
3,4,0,1,27,15,5,27,4,13,36,12,12,25,3,21,44,9,14,10,24,18,61,23,9,60,75,22,63,25,44,19,33,36,62,137,70,149,29,4,45,76,,,,66,11,31,60,108,95,310,149,233,249,146,89,463,305,309
2,2,0,7,14,11,8,22,5,11,25,13,7,23,14,22,45,19,9,12,21,22,49,15,26,47,59,33,35,23,17,13,30,33,34,121,57,112,18,7,19,28,,,,73,36,18,29,79,98,166,171,85,165,109,95,192,213,295
1,1,1,0,23,43,3,39,5,9,40,17,14,31,11,24,51,25,6,10,48,23,122,27,27,72,131,18,69,39,38,35,32,24,37,24,93,173,38,5,86,52,,,,191,73,7,66,98,110,196,203,247,157,124,84,172,437,319
3,2,1,6,11,4,5,12,3,10,22,6,9,17,6,27,31,11,4,9,21,17,46,10,10,46,27,17,33,12,18,6,20,52,177,67,56,76,19,30,94,54,,,,73,38,5,55,70,44,171,118,44,143,93,56,217,174,123
1,3,0,2,10,20,5,9,5,5,24,12,10,16,6,13,31,5,9,11,17,25,54,13,17,31,60,15,36,13,13,12,16,46,88,69,52,80,23,5,23,61,,,,58,35,7,40,63,59,167,148,43,113,114,79,219,237,173
2,0,0,0,13,14,5,4,4,2,29,9,15,17,5,24,62,16,19,20,34,24,50,18,2,64,18,23,44,32,38,32,47,45,159,48,73,70,46,17,78,52,,,,33,23,13,29,86,99,160,117,198,89,205,84,513,208,55
10,4,1,0,18,9,3,14,7,7,38,18,9,35,10,29,31,11,2,18,36,22,67,9,2,63,19,26,50,20,29,6,34,62,8,76,76,95,25,15,62,40,,,,60,33,16,67,113,69,142,101,44,107,114,68,401,121,176
1,1,2,8,20,8,5,24,1,2,34,6,11,20,23,34,32,14,14,18,27,24,70,16,17,50,107,14,61,17,23,83,27,34,27,59,79,99,21,2,41,21,,,,106,31,7,36,65,52,158,138,109,126,96,44,181,275,245
5,1,0,5,16,13,11,18,4,15,28,17,3,32,20,15,44,19,8,10,19,19,31,14,36,71,142,18,69,24,30,4,16,26,69,16,76,181,19,2,57,47,,,,45,17,9,44,80,78,163,186,96,230,115,110,210,375,557
0,10,0,0,21,20,4,21,1,8,25,15,4,16,11,13,40,27,26,23,29,34,88,13,24,59,49,17,54,17,26,91,33,58,119,34,79,45,19,3,32,21,,,,33,10,20,33,114,75,168,65,102,122,108,28,129,276,118
0,1,2,1,16,10,1,3,0,4,12,5,2,6,9,16,36,10,11,5,15,24,56,6,9,52,59,11,27,14,18,47,21,35,49,48,54,34,18,13,62,43,,,,119,13,10,25,60,42,104,78,22,96,111,49,186,241,90
0,2,0,1,5,1,3,8,5,3,14,5,6,13,8,11,17,12,9,3,20,13,17,10,3,36,29,9,27,9,10,7,16,47,34,54,19,36,5,4,14,23,,,,56,9,30,7,59,37,70,40,61,35,60,45,73,83,95
0,0,0,0,5,9,1,4,1,3,10,12,0,8,2,9,24,7,2,6,7,14,38,3,2,26,61,12,26,4,5,41,11,72,106,199,28,33,12,9,44,25,,,,67,5,10,21,36,34,69,54,18,48,75,16,101,166,68
0,3,0,0,11,10,5,9,4,6,14,12,6,16,7,10,25,14,11,4,19,13,26,11,5,38,37,10,40,11,14,14,16,50,117,83,24,47,10,6,21,8,,,,84,5,20,26,54,51,121,63,74,91,65,100,85,133,206
3,2,0,2,14,21,4,13,3,6,18,9,7,16,8,13,29,9,7,15,24,11,49,17,9,66,32,15,40,19,26,27,23,15,71,1,56,81,27,4,74,35,,,,118,53,11,37,64,65,166,144,146,107,102,36,231,201,95
2,2,0,1,11,17,0,22,4,6,20,20,4,20,16,18,39,14,4,12,12,19,28,20,13,66,49,17,59,18,25,8,39,27,101,51,54,91,15,2,56,55,,,,125,14,12,48,104,75,204,93,15,151,101,105,200,167,194
0,0,0,5,4,5,3,24,1,3,16,7,5,17,7,9,31,6,1,5,17,12,23,7,12,47,45,3,22,13,14,0,22,44,309,92,20,40,11,10,48,43,,,,27,5,15,7,51,42,73,64,25,59,82,54,62,272,113
0,0,0,2,17,20,5,19,6,12,33,12,4,32,11,22,39,22,14,13,42,21,52,29,6,89,122,31,79,23,20,24,32,29,104,51,62,142,31,7,35,30,,,,69,48,21,56,90,103,259,224,175,152,109,151,326,236,306
1,0,0,2,16,3,2,17,6,5,14,16,7,18,18,21,43,11,5,2,35,10,36,11,4,64,29,17,47,27,19,7,34,39,171,31,50,95,28,11,42,54,,,,50,16,30,18,86,92,151,85,111,75,143,58,301,184,105
0,0,0,0,5,1,3,8,2,3,24,3,2,8,4,18,27,4,4,6,17,15,17,8,8,31,23,6,20,17,10,10,10,40,95,114,22,22,5,31,40,46,,,,50,11,13,6,45,28,61,38,37,30,55,72,93,131,51
0,4,3,3,20,19,5,33,6,14,25,21,11,20,21,18,57,24,13,11,35,22,90,31,48,70,129,35,72,32,52,65,36,17,37,17,84,125,32,30,52,65,,,,351,75,4,38,94,88,251,207,187,176,137,127,291,437,153
4,3,2,8,19,7,7,33,4,13,43,13,6,37,6,22,45,24,12,14,35,23,78,17,13,72,90,30,70,34,33,117,34,13,62,39,85,124,19,8,68,42,,,,141,28,22,66,119,87,265,189,369,174,98,112,300,273,328
0,0,0,6,20,12,2,20,1,2,19,15,3,19,10,20,44,18,1,12,32,12,55,36,10,49,203,16,36,30,14,14,25,15,20,28,32,121,21,3,50,39,,,,69,32,8,25,100,90,190,195,311,197,89,80,146,435,492
0,2,0,2,7,10,0,6,2,2,28,13,1,16,10,21,37,6,16,10,17,18,21,7,4,52,25,15,35,13,22,67,20,45,99,82,77,20,14,13,65,62,,,,72,19,11,69,70,66,65,37,32,68,156,27,274,104,19
1,2,0,0,8,7,8,6,7,11,11,19,1,13,10,13,26,8,7,10,20,11,22,18,29,52,22,12,45,16,7,7,16,34,33,102,38,41,20,22,71,41,,,,102,12,14,32,57,59,80,100,1,108,82,36,274,250,104
0,4,1,5,8,12,2,19,1,2,11,5,2,8,3,14,24,7,8,4,16,12,46,10,16,55,71,8,47,6,18,57,12,31,20,30,42,78,15,19,20,48,,,,87,7,2,37,55,45,102,111,98,143,71,32,48,286,176
3,5,0,4,21,15,3,36,5,7,26,20,4,21,15,19,42,15,5,10,32,17,62,15,26,94,153,16,79,16,25,44,22,15,22,39,90,105,24,6,53,30,,,,173,10,0,74,102,86,219,200,85,284,137,86,123,629,340
0,1,0,3,7,14,1,10,6,6,20,10,4,14,12,19,27,17,6,10,27,17,95,19,24,53,41,9,49,19,25,37,35,26,34,51,57,66,22,5,56,46,,,,136,22,15,48,69,70,155,120,80,93,114,70,147,276,187
1,1,0,2,18,10,4,7,8,7,27,15,13,20,8,18,46,10,13,10,38,19,53,14,14,68,36,21,65,28,32,9,28,36,70,59,53,125,25,17,35,51,,,,38,13,22,41,104,113,151,124,17,158,149,106,398,291,377
4,4,0,1,17,20,5,25,6,7,27,29,19,38,29,33,67,25,6,17,46,24,73,24,11,91,310,62,96,37,57,7,26,40,135,79,78,112,42,7,33,26,,,,200,21,33,87,172,175,210,146,364,138,151,154,434,579,226
1,2,1,4,12,21,4,39,5,15,40,7,12,25,10,22,39,18,12,20,40,25,74,16,16,75,79,22,80,30,24,17,44,19,33,30,66,178,30,11,54,32,,,,91,47,17,46,112,119,288,219,112,266,93,173,312,277,334
0,0,2,2,8,6,2,23,0,2,17,2,5,15,11,15,30,6,17,5,26,10,32,12,15,27,53,9,16,12,7,30,24,35,68,78,34,45,11,8,42,66,,,,35,18,21,4,75,47,130,87,202,42,66,98,70,176,144
0,2,0,0,13,8,3,28,11,6,30,19,4,21,16,11,36,16,2,9,26,15,53,25,17,58,155,18,46,36,17,3,33,78,116,35,48,88,31,13,57,61,,,,82,44,22,21,65,86,181,97,226,121,93,175,145,272,364
0,9,1,6,12,14,7,20,7,17,28,16,6,23,19,12,43,28,8,10,32,18,120,26,31,52,152,24,51,30,25,18,28,34,120,49,54,199,16,0,45,19,,,,48,21,40,39,86,149,206,272,217,285,108,163,254,679,853
0,1,1,2,12,33,3,21,2,5,30,7,3,22,14,21,44,25,11,9,30,22,79,21,15,50,82,13,45,35,15,15,13,23,29,65,48,110,40,8,14,29,,,,35,27,7,48,84,91,134,135,39,121,96,64,155,258,283
0,1,0,2,12,12,2,7,4,6,14,18,3,12,17,19,45,16,1,12,29,13,75,14,13,82,132,25,45,18,26,7,26,32,71,42,43,161,22,7,48,31,,,,99,7,21,17,94,84,210,223,81,184,138,139,64,467,454
1,3,1,7,19,16,2,29,9,14,35,11,7,23,9,17,52,18,11,12,33,21,85,10,17,86,64,16,75,35,28,27,42,37,227,54,68,161,14,9,80,40,,,,129,44,40,60,77,89,305,248,120,176,92,130,343,298,453
0,0,0,0,12,5,1,11,2,7,17,10,6,15,8,11,23,12,7,4,18,13,24,12,12,44,34,13,39,14,18,5,21,37,107,25,36,62,13,27,51,37,,,,59,26,18,35,53,57,99,72,234,76,81,57,103,153,152
0,1,0,0,9,7,5,20,10,10,28,12,8,23,14,12,29,12,7,11,26,11,28,15,17,48,53,18,28,14,15,7,25,53,489,83,28,96,20,9,25,22,,,,53,25,33,21,62,86,143,89,242,114,95,131,106,227,399
0,2,1,0,13,6,2,13,4,5,13,13,4,8,7,12,21,8,7,10,13,8,39,13,9,62,23,17,39,16,17,2,20,34,126,59,34,50,17,8,51,43,,,,43,4,19,36,54,73,118,64,49,73,82,34,159,110,122
0,1,2,5,16,10,2,20,6,8,21,12,3,9,9,18,40,23,2,13,31,13,62,21,9,59,130,16,33,44,15,15,41,18,48,77,38,140,16,4,17,18,,,,43,46,14,14,95,106,147,167,203,94,119,104,155,463,472
2,3,2,0,17,1,5,23,2,10,22,7,6,20,5,16,28,6,6,7,17,9,52,9,11,56,42,42,51,15,24,37,15,30,44,123,47,58,11,18,68,35,,,,117,27,7,42,55,32,104,99,1,87,86,48,225,192,60
0,0,0,1,6,3,1,1,0,0,9,6,5,9,4,20,19,3,7,5,9,21,27,6,7,43,41,10,28,6,5,49,22,15,66,54,30,50,9,21,45,69,,,,36,8,9,17,48,38,118,82,17,69,108,56,106,156,53
0,1,1,0,8,3,3,8,9,8,15,8,8,12,5,9,14,9,6,8,9,13,22,10,7,21,19,6,28,6,10,22,22,21,11,74,23,46,10,2,63,49,,,,27,9,9,24,48,42,86,62,27,65,67,54,130,140,188
0,6,1,0,14,13,6,21,5,10,15,17,5,13,11,10,23,13,13,8,25,14,48,13,9,57,38,14,51,25,28,15,45,35,88,69,51,77,18,4,14,33,,,,63,12,23,35,68,53,145,127,4,104,94,72,193,188,239
0,0,0,5,11,13,1,16,4,4,31,12,6,27,15,17,42,8,5,7,24,18,44,19,7,78,23,17,59,17,22,4,38,26,94,51,58,131,17,4,68,153,,,,95,51,26,51,70,102,223,201,40,163,109,158,156,252,398
0,1,1,7,14,7,8,21,5,7,14,19,11,15,18,15,37,21,10,12,23,16,68,27,25,60,168,18,27,21,16,32,47,26,64,69,48,93,26,11,72,87,,,,96,15,16,13,88,105,144,186,102,94,160,75,115,380,275
0,2,0,0,11,6,3,4,1,4,14,1,6,9,7,14,32,2,1,8,17,14,26,9,28,39,18,12,33,13,14,7,17,30,100,54,46,68,10,9,17,45,,,,50,17,6,41,66,46,114,106,30,76,86,52,99,222,120
1,1,1,1,14,20,3,30,2,6,39,10,5,19,12,19,50,14,8,14,34,19,111,22,18,63,108,20,69,26,31,48,43,19,13,32,59,78,40,15,55,42,,,,110,116,21,35,89,97,177,130,152,123,159,95,315,384,160
0,6,1,0,16,20,4,17,2,3,26,19,13,16,5,28,54,9,3,21,39,37,100,15,39,144,90,33,109,19,33,82,29,22,10,52,103,192,18,42,131,133,,,,77,25,30,81,132,91,260,453,18,361,203,154,148,513,537
0,4,0,0,9,15,4,8,2,2,18,15,13,14,22,33,69,12,6,10,46,12,34,8,30,91,96,21,74,35,33,123,27,41,187,62,48,139,44,39,186,129,,,,77,16,163,40,161,102,231,271,12,126,139,339,112,447,529
0,0,0,0,6,10,1,11,4,6,20,9,7,13,7,15,36,8,2,15,16,21,45,22,24,69,27,10,53,19,19,10,29,31,44,22,54,59,22,28,65,56,,,,86,47,4,34,57,66,90,95,15,77,124,56,181,183,103
0,4,0,0,10,8,11,19,6,13,25,9,12,18,7,13,28,9,11,12,22,25,29,13,13,30,24,16,36,19,18,0,27,23,82,64,53,91,25,10,40,125,,,,24,44,23,45,59,73,129,143,36,122,79,95,191,284,174
0,3,1,17,20,16,6,10,0,7,25,5,3,15,12,16,28,23,2,18,47,23,66,10,11,66,297,21,62,20,14,4,17,17,191,34,51,218,30,49,154,148,,,,36,42,6,41,85,97,216,304,330,297,109,182,104,583,801
0,4,1,0,11,42,0,20,2,2,28,9,2,22,12,12,33,29,3,26,43,21,76,8,28,60,86,12,60,24,25,13,19,33,89,35,59,117,12,11,52,97,,,,79,109,7,34,98,66,149,117,353,178,106,69,113,387,407
0,7,1,22,23,17,9,16,5,12,34,11,7,30,7,16,54,20,2,18,36,32,147,18,22,71,167,28,78,27,23,21,29,25,183,88,58,224,25,54,239,205,,,,152,59,10,38,109,87,288,313,154,410,122,117,132,657,868
0,7,3,5,21,9,9,28,4,16,36,8,11,19,5,19,30,18,7,11,28,22,53,7,7,50,73,19,69,24,30,12,25,31,155,3,62,148,10,11,66,75,,,,141,54,27,81,85,65,306,215,175,265,95,154,222,306,394
0,0,0,0,8,4,1,10,4,5,19,16,3,13,10,14,21,7,4,5,22,14,34,20,8,52,65,12,51,15,16,27,37,55,124,73,34,72,36,11,101,93,,,,40,23,18,23,60,75,116,123,79,74,89,116,197,191,195
1,5,0,1,15,18,3,22,9,9,35,12,6,25,5,12,36,14,7,6,29,16,44,22,10,53,27,25,47,19,21,27,29,31,63,74,49,76,19,139,239,105,,,,48,25,15,45,76,106,140,108,26,129,112,88,323,218,257
0,1,0,1,8,9,2,14,2,7,20,12,5,12,8,12,26,7,4,2,19,7,48,6,7,46,44,16,44,17,14,167,42,30,85,80,28,73,17,38,278,208,,,,35,36,22,15,57,55,129,143,135,105,71,110,102,193,309
0,0,0,0,9,2,1,5,1,7,23,8,2,5,2,16,27,1,4,7,22,17,19,9,5,59,35,8,40,16,17,34,9,50,267,59,37,61,13,53,447,177,,,,16,9,17,25,44,65,74,118,6,100,99,63,142,163,76
0,5,0,0,12,18,2,33,10,9,27,19,7,23,19,27,46,18,3,7,28,16,65,19,26,71,57,26,77,25,21,18,37,31,38,43,58,138,27,207,318,95,,,,113,16,17,46,136,97,204,177,124,112,138,176,194,327,317
0,1,0,1,23,5,1,18,9,6,20,22,8,14,16,24,51,16,1,9,45,16,79,21,16,90,70,16,44,23,11,7,43,20,44,27,33,125,29,106,186,85,,,,52,26,55,19,114,106,222,201,71,78,133,175,164,356,266
0,0,0,0,15,0,4,10,8,9,15,9,7,8,5,17,24,11,2,3,27,6,38,19,17,50,54,20,32,21,11,7,16,19,32,31,42,86,8,79,270,205,,,,86,20,11,15,48,49,94,111,134,56,55,70,173,289,109
0,0,0,0,11,15,1,9,5,5,27,15,5,17,6,15,32,10,7,8,26,20,39,26,43,45,35,16,39,19,15,24,24,19,38,37,43,70,16,129,236,99,,,,234,38,4,27,68,79,158,149,14,95,97,76,144,290,125
0,0,0,0,6,7,5,18,6,10,22,13,6,14,11,10,25,14,8,3,18,7,18,12,7,63,20,7,37,14,17,4,26,44,40,142,31,57,11,169,171,79,,,,30,11,20,22,57,70,101,48,44,78,59,63,182,145,74
0,4,1,0,9,5,1,17,8,5,22,16,5,15,8,15,25,9,3,5,26,16,19,15,6,51,25,24,57,18,17,13,21,32,56,71,34,83,19,179,322,158,,,,24,14,14,34,53,68,130,63,120,93,93,72,220,153,122
0,7,1,6,15,12,11,23,6,20,26,13,4,21,9,15,44,14,10,14,23,17,67,19,21,53,230,16,55,26,26,5,23,32,60,56,52,186,24,121,336,193,,,,89,26,22,47,92,76,202,233,246,238,100,219,139,436,518
0,2,1,2,5,10,6,15,8,11,21,14,8,15,10,20,38,18,12,18,14,10,25,12,8,42,55,26,46,17,21,9,10,26,98,88,46,48,11,129,321,222,,,,82,1,19,37,71,39,129,53,9,76,70,42,89,267,196
0,1,0,7,17,8,9,17,7,9,23,17,8,26,11,19,32,16,4,5,27,14,48,16,4,43,56,16,39,21,17,16,35,26,105,55,40,126,23,88,151,140,,,,41,21,42,37,67,84,191,165,76,153,72,153,173,193,445
0,2,0,2,0,11,1,25,1,7,16,7,6,21,12,3,21,23,5,4,20,5,27,17,27,35,85,7,28,17,23,5,22,50,49,124,24,148,13,138,315,149,,,,61,12,17,11,63,49,175,199,123,170,62,186,43,406,598
0,4,1,9,14,7,13,25,9,6,21,21,6,10,14,19,33,10,3,13,23,11,58,12,26,42,103,29,36,21,17,1,28,22,19,74,65,75,20,180,245,194,,,,91,16,15,21,82,51,159,101,46,118,116,96,106,416,235
0,4,3,3,21,15,3,45,1,2,29,20,8,13,18,13,60,34,4,19,31,11,75,26,19,72,263,23,73,29,13,118,35,25,11,34,53,133,26,150,154,29,29,4,39,114,39,22,28,104,114,217,192,327,180,104,130,106,535,479
0,4,0,0,12,34,1,23,4,5,29,10,6,14,12,16,45,24,3,6,17,24,60,19,23,62,80,9,69,18,23,3,26,14,12,22,53,123,22,167,299,76,5,10,20,92,24,14,36,97,61,162,179,331,160,95,84,63,361,421
1,2,0,1,18,10,2,22,11,18,18,11,3,19,11,30,50,18,4,11,32,14,84,30,17,72,73,42,70,27,37,22,29,25,24,45,78,187,25,98,348,479,38,7,21,111,30,37,79,105,97,366,224,328,257,114,158,460,355,300
0,3,0,1,14,11,5,10,5,9,20,13,9,19,18,19,39,26,6,15,29,14,72,13,24,49,61,11,38,19,33,1,20,41,60,72,50,68,18,59,256,191,38,28,51,137,31,12,38,96,87,140,164,23,118,104,103,144,366,448
1,3,1,2,7,23,0,8,2,4,23,9,3,11,6,13,32,15,3,7,25,18,88,19,7,51,42,12,54,21,22,73,28,23,76,30,52,79,37,91,185,200,27,21,79,75,19,13,50,81,88,109,104,143,108,148,129,188,285,220
0,12,1,3,21,17,2,55,5,8,29,17,14,20,17,17,57,24,10,20,40,27,86,25,20,93,248,18,91,37,28,15,31,20,38,54,78,204,12,274,497,373,72,55,49,186,35,36,53,136,84,264,277,148,316,128,219,164,640,637
0,1,0,0,7,9,7,19,4,17,21,8,6,15,6,7,22,9,8,7,28,13,36,15,14,59,36,9,53,15,14,6,16,45,22,40,39,76,13,109,172,179,48,75,17,62,24,16,30,59,51,94,106,77,127,90,79,88,267,126
0,1,0,0,10,6,3,18,8,9,17,19,8,19,13,8,31,10,3,2,29,6,22,18,8,56,46,9,46,20,8,3,24,23,39,53,39,78,21,107,136,118,45,25,41,26,12,15,21,61,66,167,119,58,108,84,146,80,235,297
0,2,2,1,14,5,1,12,11,7,21,12,6,14,10,11,26,4,6,1,18,12,30,10,10,77,24,6,37,18,14,1,17,53,29,93,33,50,22,154,227,262,17,52,46,37,5,30,11,64,77,111,72,100,48,112,73,121,164,184
0,4,0,0,5,7,6,12,3,6,17,4,5,10,7,11,22,8,8,6,15,14,30,13,13,48,36,14,40,11,19,3,13,13,36,45,54,50,9,157,357,180,36,50,17,66,8,11,31,41,46,126,75,50,146,74,56,112,200,65
0,1,0,0,16,10,6,18,8,5,45,22,18,26,12,25,63,32,6,16,61,31,49,27,13,103,52,19,70,25,23,7,52,17,60,57,78,147,46,196,280,223,73,104,117,62,41,18,60,142,207,241,158,48,140,207,118,382,293,361
0,6,1,1,13,10,1,21,2,8,29,15,7,13,14,11,35,15,14,18,26,15,56,19,7,65,56,19,58,25,23,15,28,29,70,69,77,92,21,190,324,152,34,155,74,85,19,15,39,80,92,137,147,55,107,165,80,162,299,167
0,3,0,0,11,15,3,10,0,11,12,11,8,9,18,24,36,20,4,1,12,18,64,20,26,47,56,11,48,18,15,10,16,34,140,119,72,76,13,,,,41,136,64,107,17,9,47,80,64,173,131,74,98,119,50,186,262,82
0,2,0,5,12,8,6,9,8,7,23,17,8,10,11,14,41,16,5,4,27,13,54,19,26,57,88,22,45,19,15,14,57,37,210,39,46,91,22,,,,43,96,59,35,35,26,23,65,93,180,147,148,102,111,195,196,337,541
1,2,2,1,18,10,5,16,8,12,39,16,10,37,7,17,34,18,9,10,41,22,82,17,3,90,68,11,94,28,26,24,30,53,69,22,74,236,22,,,,129,108,66,74,59,24,82,109,112,250,218,29,267,127,237,282,385,686
1,3,0,1,20,9,3,19,5,6,27,17,5,23,16,22,43,13,15,15,30,12,58,15,4,62,16,12,63,23,26,13,25,32,55,56,45,119,28,,,,61,117,81,40,42,23,56,100,87,212,186,73,154,161,169,444,277,230
0,3,1,3,6,9,3,11,3,7,18,8,5,11,5,7,33,10,5,9,12,8,21,10,15,21,12,19,34,13,14,14,26,26,82,36,29,34,25,,,,40,74,45,32,22,11,35,53,49,69,40,5,64,68,39,182,186,45
0,0,0,0,7,4,3,10,4,8,12,7,3,11,6,8,15,3,8,1,6,9,21,5,6,29,21,8,22,4,8,2,7,37,77,10,21,22,6,,,,12,24,20,47,6,11,19,29,21,52,36,18,44,39,22,79,89,38
0,1,0,4,3,2,9,17,3,12,9,6,6,9,3,10,14,2,4,4,9,10,22,8,12,36,18,13,25,16,5,4,4,38,41,5,30,17,11,,,,22,29,9,77,9,8,23,33,18,53,35,1,57,55,10,94,103,13
0,1,1,0,9,27,2,5,7,2,22,21,9,17,8,13,41,10,4,5,23,28,47,26,11,55,32,10,48,21,14,12,23,34,52,63,52,56,22,,,,,,,116,9,22,65,76,107,89,87,12,60,106,66,162,168,113
0,3,0,0,17,7,7,24,6,11,23,20,10,14,14,22,38,30,7,7,36,20,39,21,15,43,157,16,56,33,18,12,30,10,62,28,56,136,23,,,,,,,65,26,38,52,104,112,167,178,95,148,131,163,143,442,389
0,0,0,0,9,9,4,15,1,5,8,4,2,4,8,12,24,12,3,13,15,14,24,13,2,27,76,7,23,13,10,7,9,10,97,59,27,44,11,,,,,,,32,14,9,25,49,49,104,91,48,56,51,73,60,230,283
0,0,0,1,10,4,2,7,3,6,9,8,3,4,12,15,33,4,4,9,22,7,42,14,5,33,29,2,14,15,4,3,12,15,26,46,31,61,17,,,,,,,46,18,5,5,55,64,92,94,14,31,99,61,180,266,127
0,0,0,0,13,15,7,4,3,5,20,9,2,14,8,9,32,14,5,9,12,20,41,14,6,50,26,10,39,24,19,13,18,16,147,97,52,36,24,,,,,,,123,12,12,40,62,58,75,48,8,47,100,39,152,122,43
0,0,0,1,14,1,3,9,5,10,21,9,11,14,4,13,36,12,8,8,23,12,17,8,15,38,33,19,36,19,14,5,31,35,57,98,29,73,14,,,,,,,59,10,17,7,72,57,125,94,31,53,74,83,201,188,150
0,0,0,1,14,9,5,13,5,5,34,20,3,25,10,27,54,14,8,13,34,23,64,19,18,55,42,15,71,26,28,16,42,31,74,142,67,65,16,,,,,,,53,38,24,77,93,105,139,111,40,68,136,77,220,242,119
0,1,0,1,17,2,2,11,4,7,23,6,8,15,3,8,24,6,4,7,24,14,21,4,13,33,30,16,45,12,14,7,27,49,180,68,29,63,15,,,,,,,47,8,24,14,65,41,120,89,24,57,57,91,195,159,151
0,3,0,2,11,4,6,23,4,8,19,13,10,10,11,20,31,13,6,7,23,8,29,21,11,53,90,11,26,20,11,4,24,20,48,148,23,107,30,,,,,,,33,21,14,15,59,65,110,155,34,67,108,93,111,355,259
0,4,4,1,10,4,13,7,3,19,11,9,9,19,8,16,36,21,8,9,19,24,40,12,28,68,33,80,66,15,31,9,19,18,68,39,57,65,22,,,,,,,136,45,20,69,76,42,164,159,90,258,92,97,258,464,222
1,0,0,5,15,5,5,14,9,10,34,19,11,22,7,13,62,26,12,22,42,10,23,37,20,77,47,16,50,32,19,70,73,11,50,24,18,201,27,,,,,,,85,85,36,30,104,172,211,325,35,132,129,209,208,363,666
0,9,0,2,17,15,4,25,5,9,25,21,3,24,26,14,51,36,12,11,40,9,86,25,22,73,190,18,73,26,17,5,34,26,179,141,13,174,25,,,,59,97,12,70,32,28,42,117,135,201,164,299,167,111,190,260,526,339
2,3,1,3,26,4,5,26,6,15,36,11,21,33,13,23,51,18,17,13,33,37,46,19,18,79,67,24,86,34,40,7,14,15,51,101,90,373,72,,,,,,,122,31,18,99,120,71,313,141,61,230,139,60,287,252,158
1,4,2,1,9,3,2,7,1,4,27,15,10,13,10,7,31,20,4,9,18,11,54,12,8,37,40,18,34,23,25,6,20,29,55,100,59,144,29,,,,,,,158,37,11,41,61,38,181,122,56,78,68,27,212,209,116
0,0,1,4,16,19,3,12,3,2,20,14,6,14,11,12,43,17,3,4,32,24,61,13,11,76,92,12,56,19,30,2,28,45,92,162,25,126,40,,,,,,,37,4,59,48,78,129,148,137,140,124,138,68,111,303,205
0,3,0,1,9,8,2,23,2,5,17,15,6,13,6,11,40,7,5,1,16,14,25,11,26,58,44,19,44,14,22,3,12,52,137,154,46,167,35,,,,,,,54,6,28,32,73,75,132,108,36,88,129,124,81,373,149
0,4,1,0,3,10,3,12,2,8,14,9,5,15,6,14,40,12,13,7,18,17,15,4,15,53,24,15,55,10,26,1,9,57,134,198,56,161,45,,,,,,,52,8,16,55,66,54,144,84,15,99,118,85,109,304,125
1,1,0,7,14,3,5,11,8,17,32,10,6,27,6,23,37,18,8,8,17,17,42,18,7,70,39,29,74,16,23,8,17,57,185,126,101,309,158,,,,,,,65,23,14,53,64,73,243,171,184,210,92,99,379,230,249
0,6,0,2,7,4,4,6,10,7,30,15,5,14,8,13,44,27,9,11,35,9,31,18,22,49,64,10,38,24,9,3,25,,,,36,227,88,,,,,,,31,31,22,17,71,117,181,163,115,89,117,202,133,348,362
0,6,0,0,14,12,2,15,10,10,23,14,5,19,9,17,33,16,6,14,40,13,55,10,21,56,43,19,37,18,20,3,20,,,,42,212,143,,,,,,,42,28,38,32,75,117,160,116,103,140,123,201,133,285,433
0,3,0,2,8,6,4,11,7,6,16,9,4,8,9,11,24,8,5,4,16,7,36,11,7,39,11,11,29,14,14,18,28,,,,37,109,102,,,,,,,33,22,14,23,62,59,88,82,59,42,42,76,107,103,123
0,3,1,0,16,6,4,21,7,10,26,13,11,19,13,14,40,16,6,12,26,18,68,21,18,67,63,12,57,20,17,75,36,,,,61,309,171,,,,,,,114,22,17,36,91,75,178,199,152,155,64,220,122,373,342
0,1,0,1,10,6,3,11,1,7,23,11,7,21,11,21,31,8,11,12,29,19,41,21,11,44,51,12,52,21,13,4,21,,,,113,208,186,,,,,,,49,24,15,38,92,90,116,151,10,97,137,103,190,378,215
2,0,0,0,9,5,6,9,4,12,13,4,8,8,6,13,29,12,6,7,26,14,38,4,6,51,24,25,65,14,34,2,17,,,,164,199,184,,,,,,,40,12,20,61,85,67,221,115,28,128,90,78,450,204,156
1,6,1,5,11,14,5,10,0,9,28,6,4,17,6,12,37,12,6,11,29,23,76,17,23,50,36,17,56,10,31,23,29,,,,160,291,122,,,,,,,110,36,9,56,92,69,179,226,59,204,115,45,189,332,444
0,0,0,0,19,6,5,16,9,8,24,28,7,13,16,23,52,17,3,19,46,10,99,19,17,74,55,43,31,33,16,24,55,,,,73,297,355,,,,,,,107,32,29,25,93,94,180,288,152,82,151,140,190,456,227
0,1,0,1,15,7,3,8,5,3,22,20,9,7,13,8,25,15,1,9,26,14,18,8,6,62,63,10,30,19,6,13,43,,,,47,221,133,,,,,,,21,6,57,11,66,61,98,167,81,54,101,86,128,184,172
0,1,0,1,4,19,0,12,2,3,22,8,1,9,7,12,41,14,12,12,27,19,42,13,5,38,84,8,36,22,30,106,33,,,,56,144,114,,,,22,82,11,40,20,12,28,50,88,127,52,58,98,108,69,157,221,78
0,4,0,2,16,46,7,24,6,13,51,16,10,41,18,24,68,32,7,21,55,35,142,33,21,70,86,21,91,35,37,53,88,,,,199,427,295,,,,49,287,4,178,65,20,81,151,190,302,236,435,198,194,136,348,602,333
0,5,0,0,11,2,3,14,3,10,10,10,2,7,7,9,35,6,10,14,23,18,17,20,14,38,37,10,34,18,12,6,32,,,,101,122,88,,,,,,,41,27,19,24,72,94,110,105,6,88,99,123,102,391,284
0,0,0,1,6,4,3,3,0,3,14,6,2,6,5,18,25,5,3,5,16,12,33,4,7,27,19,8,22,12,11,19,28,,,,106,51,37,,,,,,,48,7,15,22,48,32,74,36,33,53,82,25,162,161,70
0,3,1,1,13,6,3,18,6,6,30,13,5,25,19,24,48,19,7,15,53,17,21,11,12,47,28,14,38,21,17,0,44,,,,180,152,121,,,,,,,20,9,45,55,104,110,196,129,44,122,146,105,324,269,287
0,4,1,0,13,7,6,23,5,10,36,10,4,29,8,24,37,12,10,10,17,16,78,25,10,52,62,27,54,15,18,8,53,,,,149,201,73,,,,,,,57,25,18,64,65,83,243,256,350,184,92,118,230,269,376
0,1,0,1,6,12,3,4,1,6,16,11,4,9,5,18,34,12,7,7,16,28,22,15,7,47,31,25,53,13,23,142,65,,,,155,159,99,,,,,,,83,13,13,55,71,82,91,110,27,81,175,31,223,166,75
0,4,0,11,15,17,8,23,7,6,27,15,10,23,14,15,49,16,5,8,25,17,38,19,36,72,41,8,71,29,19,29,72,,,,160,198,58,,,,,,,91,30,45,61,85,55,202,164,155,216,97,97,149,209,694
